{
  "layout": "A4 landscape",
  "outputFormat": "pdf",
  "attributes": {
    "map": {
      "projection": "EPSG:4326",
      "dpi": 72,
      "rotation": 0,
      "bbox": [-130, 20, -60, 50],
      "longitudeFirst": true,
      "layers": [{
        "type": "tiledwms",
        "layers": ["topp:states"],
        "baseURL": "http://localhost:8080/gs-web-app/wms",
        "imageFormat": "image/png",
        "version": "1.1.1",
        "customParams": {
          "TRANSPARENT": "true"
        },
        "tileSize": [256, 256]
      }]
    }
  }
}
