{
  "layout": "A4 portrait",
  "outputFormat": "pdf",
  "attributes": {
    "title": "Restaurants",
    "comments": "Lorem ipsum dolor sit amet, consectetur adipiscing elit. Cras egestas, massa eget placerat fermentum, nunc massa facilisis enim, id eleifend orci lacus sed sem.",
    "datasource": [{
      "title": "Lake View",
      "description": "Lorem ipsum dolor sit amet, consectetur adipiscing elit. Cras egestas, massa eget placerat fermentum, nunc massa facilisis enim, id eleifend orci lacus sed sem. Donec ultricies rhoncus sem vel suscipit. Nullam fermentum mollis orci, volutpat tristique leo vulputate ut. Sed nisl dolor, auctor quis facilisis in, interdum et leo.",
      "map": {
        "projection": "EPSG:900913",
        "dpi": 72,
        "center": [-8233518.5005945, 4980320.4059228],
        "scale": 25000,
        "layers": [{
          "type": "geojson",
          "style": {
            "*": {
              "symbolizers": [{
                "fillColor": "red",
                "strokeColor": "red",
                "strokeOpacity": 1,
                "strokeWidth": 2,
                "pointRadius": 6,
                "type": "point"
              }]
            },
            "version": "2"
          },
          "geoJson": {
            "type": "FeatureCollection",
            "features": [{
              "type": "Feature",
              "properties": {
                "name": "Lake View"
              },
              "geometry": {
                "type": "Point",
                "coordinates": [-8233518.5005945, 4980320.4059228]
              }
            }]
          }
        }, {
          "baseURL": "http://localhost:8080/gs-web-app/wms",
          "opacity": 1,
          "type": "WMS",
          "layers": ["tiger-ny"],
          "imageFormat": "image/png",
          "customParams": {
            "TRANSPARENT": "true"
          }
        }]
      }
    }, {
      "title": "Chez Jean",
      "description": "Lorem ipsum dolor sit amet, consectetur adipiscing elit. Cras egestas, massa eget placerat fermentum, nunc massa facilisis enim, id eleifend orci lacus sed sem. Donec ultricies rhoncus sem vel suscipit. Nullam fermentum mollis orci, volutpat tristique leo vulputate ut. Sed nisl dolor, auctor quis facilisis in, interdum et leo.",
      "map": {
        "projection": "EPSG:900913",
        "dpi": 72,
        "center": [-8234918.5005945, 4981920.4059228],
        "scale": 25000,
        "layers": [{
          "type": "geojson",
          "style": {
            "*": {
              "symbolizers": [{
                "fillColor": "red",
                "strokeColor": "red",
                "strokeOpacity": 1,
                "strokeWidth": 2,
                "pointRadius": 6,
                "type": "point"
              }]
            },
            "version": "2"
          },
          "geoJson": {
            "type": "FeatureCollection",
            "features": [{
              "type": "Feature",
              "properties": {
                "name": "Chez Jean"
              },
              "geometry": {
                "type": "Point",
                "coordinates": [-8234918.5005945, 4981920.4059228]
              }
            }]
          }
        }, {
          "baseURL": "http://localhost:8080/gs-web-app/wms",
          "opacity": 1,
          "type": "WMS",
          "layers": ["tiger-ny"],
          "imageFormat": "image/png",
          "customParams": {
            "TRANSPARENT": "true"
          }
        }]
      }
    }, {
      "title": "Little Italy",
      "description": "Lorem ipsum dolor sit amet, consectetur adipiscing elit. Cras egestas, massa eget placerat fermentum, nunc massa facilisis enim, id eleifend orci lacus sed sem. Donec ultricies rhoncus sem vel suscipit. Nullam fermentum mollis orci, volutpat tristique leo vulputate ut. Sed nisl dolor, auctor quis facilisis in, interdum et leo.",
      "map": {
        "projection": "EPSG:900913",
        "dpi": 72,
        "center": [-8234618.5005945, 4981920.4059228],
        "scale": 25000,
        "layers": [{
          "type": "geojson",
          "style": {
            "*": {
              "symbolizers": [{
                "fillColor": "red",
                "strokeColor": "red",
                "strokeOpacity": 1,
                "strokeWidth": 2,
                "pointRadius": 6,
                "type": "point"
              }]
            },
            "version": "2"
          },
          "geoJson": {
            "type": "FeatureCollection",
            "features": [{
              "type": "Feature",
              "properties": {
                "name": "Little Italy"
              },
              "geometry": {
                "type": "Point",
                "coordinates": [-8234618.5005945, 4981920.4059228]
              }
            }]
          }
        }, {
          "baseURL": "http://localhost:8080/gs-web-app/wms",
          "opacity": 1,
          "type": "WMS",
          "layers": ["tiger-ny"],
          "imageFormat": "image/png",
          "customParams": {
            "TRANSPARENT": "true"
          }
        }]
      }
    }]
  }
}
