{
  "layout": "A4 landscape",
  "outputFormat": "pdf",
  "attributes": {
    "map": {
      "projection": "EPSG:26713",
      "dpi": 72,
      "rotation": 0,
      "center": [599476.35443317, 4921009.1961324],
      "scale": 140000,
      "layers": [{
        "type": "WMS",
        "layers": ["sf:streams"],
        "baseURL": "http://localhost:8080/gs-web-app/wms",
        "imageFormat": "image/png",
        "version": "1.3.0",
        "customParams":{"TRANSPARENT":"true","EXCEPTIONS":"INIMAGE"}
      }]
    }
  }
}
