{
  "layout": "A4 portrait",
  "outputFormat": "pdf",
  "attributes": {
    "description": "Sample Map",
	"title":"NHP Sample Map",
	 "overviewMap": {},
	"legend": {
            "classes": [
                {
                    "icons": ["http://localhost:9090/examples/data/www/legends/legend1.png"],
                    "name": "India_Water_areas"
                },
               
            ],
            "name": ""
        },
		 "datasource": [{
      "title": "Table 1",
      "table": {
        "columns": ["osm_id", "timestamp", "name", "type"],
        "data": [
          ["337907707", "2010-11-09T22:54:26Z", "Alpes", "bus_stop"],
          ["337907710", "2010-11-09T22:54:25Z", "Alpes", "bus_stop"],
          ["347352116", "2010-11-09T22:54:23Z", "Mirabeau", "bus_stop"]
        ]
      }
     
    }],
    "map1": {
	
      "longitudeFirst": true,
      "center": [83.66, 23.12],
      "scale": 40000000,
      "projection": "EPSG:4326",
      "dpi": 300,
      "rotation": 0,
      "layers": [
        {
          "type": "WMS",
        "layers": ["test:IND_water_areas"],
        "baseURL": "http://localhost:9090/geoserver/test/wms",
        "imageFormat": "image/png",
        "version": "1.1.1",
        "customParams": {
          "TRANSPARENT": "true"
        }
        },
		{
          "type": "WMS",
        "layers": ["test:IND_rails"],
        "baseURL": "http://localhost:9090/geoserver/test/wms",
        "imageFormat": "image/png",
        "version": "1.1.1",
        "customParams": {
          "TRANSPARENT": "true"
        }
        }
      ]
    },
	"map2": {
	
      "longitudeFirst": true,
      "center": [83.66, 23.12],
      "scale": 40000000,
      "projection": "EPSG:4326",
      "dpi": 300,
      "rotation": 0,
      "layers": [
        {
          "type": "WMS",
        "layers": ["test:IND_water_areas"],
        "baseURL": "http://localhost:9090/geoserver/test/wms",
        "imageFormat": "image/png",
        "version": "1.1.1",
        "customParams": {
          "TRANSPARENT": "true"
        }
        },
		{
          "type": "WMS",
        "layers": ["test:IND_rails"],
        "baseURL": "http://localhost:9090/geoserver/test/wms",
        "imageFormat": "image/png",
        "version": "1.1.1",
        "customParams": {
          "TRANSPARENT": "true"
        }
        }
      ]
    }
  }
}
