{
  "layout": "A4 portrait",
  "outputFormat": "pdf",
  "attributes": {
    "description": "Sample Map",
	"title":"NHP ET",
	"legend": {
            "classes": [
                {
                    "icons": ["http://localhost:9090/examples/data/www/legends/legend1.png"],
                    "name": "India_Water_areas"
                },
               
            ],
            "name": ""
        },
    "map": {
	
      "longitudeFirst": true,
      "center": [83.66, 23.12],
      "scale": 20000000,
      "projection": "EPSG:4326",
      "dpi": 72,
      "rotation": 0,
      "layers": [
        {
          "type": "WMS",
        "layers": ["test:IND_water_areas"],
        "baseURL": "http://localhost:9090/geoserver/test/wms",
        "imageFormat": "image/png",
        "version": "1.1.1",
        "customParams": {
          "TRANSPARENT": "true"
        }
        },
		{
          "type": "WMS",
        "layers": ["test:IND_rails"],
        "baseURL": "http://localhost:9090/geoserver/test/wms",
        "imageFormat": "image/png",
        "version": "1.1.1",
        "customParams": {
          "TRANSPARENT": "true"
        }
        }
      ]
    }
  }
}
