{
  "layout": "A4 landscape",
  "outputFormat": "pdf",
  "attributes": {
    "map": {
      "projection": "EPSG:900913",
      "dpi": 72,
      "rotation": 0,
      "center": [-8233518.5005945, 4980320.4059228],
      "scale": 25000,
      "layers": [
        {
          "baseURL": "http://localhost:8080/gs-web-app/wms",
          "opacity": 1,
          "type": "WMS",
          "layers": ["tiger:tiger_roads"],
          "imageFormat": "image/png",
          "styles": ["line"],
          "customParams": {
            "TRANSPARENT": "true"
          }
        }
      ]
    },
    "backgroundLayers": {
      "layers": []
    }
  }
}
